Year,1991,1992,1993,1994,1995,1996,1997,1998,1999,2000,2001,2002,2003,2004,2005,2006,2007,2008,2009,2010,2011,2012,2013,2014,2015,2016,2017
Riket,"178,635","181,508","178,273","178,334","179,861","185,087","189,311","197,576","205,806","211,591","215,456","219,428","222,343","226,863","230,789","234,680","238,714","240,822","245,474","243,458","243,265","248,958","255,064","259,724","268,336","275,833","280,169"
STOCKHOLM LAN,"198,767","199,949","196,153","196,229","196,815","204,018","209,101","217,873","227,822","235,315","240,747","243,606","244,736","248,877","252,879","257,507","262,456","265,287","270,843","270,322","270,252","276,896","283,701","289,677","299,498","306,954","311,489"
Upplands Vasby,"209,542","207,714","204,233","204,461","205,321","214,018","219,487","227,108","236,307","243,255","247,974","250,889","251,816","253,410","256,108","259,660","263,788","264,897","269,682","266,998","266,268","270,248","274,535","280,182","288,731","294,486","297,794"
Vallentuna,"202,595","203,416","199,994","202,188","204,312","212,440","218,446","225,513","236,333","243,894","250,124","255,168","256,064","260,564","267,393","272,538","279,393","281,846","289,545","291,443","292,408","299,079","307,019","314,342","321,238","328,467","332,725"
Osteraker,"203,871","204,525","202,246","204,139","204,972","211,947","217,202","226,313","237,271","246,992","252,492","255,936","256,092","261,779","267,715","272,249","276,735","278,827","286,973","287,755","285,871","290,522","298,908","304,536","311,709","315,974","321,023"
Varmdo,"201,319","201,891","198,670","200,722","202,343","208,683","216,307","225,602","235,566","244,225","250,106","255,043","257,034","263,733","268,684","273,592","279,421","282,246","289,484","291,257","290,157","295,115","302,742","309,232","318,869","325,355","329,533"
Jarfalla,"217,906","217,282","212,577","212,927","212,981","219,968","226,630","233,972","242,441","249,173","253,634","256,695","257,063","260,318","262,908","266,540","268,949","270,430","275,111","272,964","270,103","275,128","279,757","283,256","290,326","297,537","301,687"
Ekero,"215,071","212,706","209,001","211,309","212,684","223,222","228,434","238,177","249,737","258,858","265,146","267,639","271,380","278,371","282,979","288,020","294,181","296,733","304,550","303,880","305,227","309,961","316,937","323,855","333,218","340,618","345,643"
Huddinge,"204,721","204,803","201,186","200,161","200,077","207,329","211,803","220,457","229,609","236,596","242,164","244,364","245,256","249,049","252,670","255,463","258,650","259,557","263,332","262,951","262,628","268,186","274,072","279,072","288,694","296,211","300,000"
Botkyrka,"192,245","191,907","187,412","185,446","183,976","186,553","189,270","195,828","202,872","208,017","213,841","214,973","216,854","220,062","221,597","222,589","225,021","226,215","228,422","226,366","224,133","228,376","234,383","238,804","246,709","253,372","258,642"
Salem,"212,519","212,152","206,617","208,607","208,425","217,946","225,310","232,461","243,064","251,698","257,265","260,985","263,304","268,159","272,896","276,996","282,593","286,228","292,893","292,419","290,435","294,097","300,449","307,021","314,610","319,012","326,342"
Haninge,"203,587","203,555","198,272","197,506","197,109","203,901","208,135","215,571","225,270","231,998","237,245","240,643","241,100","244,838","247,851","251,117","254,110","255,197","260,025","258,120","255,549","261,885","267,760","272,735","280,819","287,244","291,590"
Tyreso,"213,511","213,122","209,663","210,322","210,765","218,027","223,738","232,966","242,621","251,190","257,225","261,753","263,113","265,901","270,683","275,492","280,238","282,300","288,645","287,825","287,124","292,318","300,941","307,081","316,552","323,207","326,735"
Upplands-Bro,"202,311","203,277","200,392","200,407","202,700","208,345","213,503","221,936","232,326","238,670","243,103","245,590","246,161","250,071","254,014","255,754","260,131","262,070","266,804","265,564","265,382","270,853","276,516","281,366","289,056","294,498","299,709"
Nykvarn,0,0,0,0,0,0,0,"234,565","244,831","251,919","260,020","262,071","264,616","273,322","279,286","284,863","292,726","296,589","298,105","299,839","299,992","306,264","315,067","319,188","329,131","338,334","345,815"
Taby,"224,003","223,938","221,053","224,835","225,756","236,495","243,752","254,091","265,326","273,212","279,085","282,572","282,953","287,397","293,813","301,157","308,024","311,101","319,464","318,319","317,269","324,299","332,873","340,131","348,428","357,500","361,584"
Danderyd,"225,279","226,018","224,497","227,189","228,993","239,616","247,027","256,987","270,722","279,617","286,839","289,715","289,340","298,264","303,738","315,796","320,567","323,918","332,011","330,448","328,490","336,229","345,333","352,945","362,342","370,692","376,371"
Sollentuna,"212,944","213,122","209,530","211,272","213,381","223,157","229,593","238,722","250,043","259,030","266,348","268,031","269,513","274,073","278,282","283,559","289,158","291,978","298,284","296,401","295,927","302,714","310,662","314,883","324,454","331,603","335,060"
Stockholm,"192,671","194,542","190,326","190,117","190,715","196,956","201,667","210,923","221,614","229,790","235,369","237,688","238,969","242,782","247,152","253,000","259,068","263,603","269,595","269,727","271,030","278,948","286,563","293,364","304,392","313,031","317,837"
Sodertalje,"189,977","192,046","189,399","187,729","187,592","194,353","199,005","204,181","211,192","215,521","221,283","224,353","226,456","229,931","232,463","232,539","232,545","232,788","233,624","229,245","229,249","234,098","237,712","240,183","247,619","254,413","260,010"
Nacka,"210,109","210,488","206,352","207,611","208,258","215,794","222,395","232,065","242,671","251,062","257,698","262,696","264,267","270,703","276,379","282,175","288,626","291,261","298,112","298,312","299,907","307,607","314,028","322,894","334,130","341,535","346,157"
Sundbyberg,"196,073","195,235","190,193","190,457","192,435","199,989","205,140","215,738","227,580","235,354","242,630","243,566","243,179","245,369","248,624","251,346","258,079","258,398","263,595","263,300","262,895","271,409","278,644","287,200","297,408","308,093","315,771"
Solna,"195,790","197,176","192,842","192,131","192,007","198,281","203,249","212,673","222,064","230,947","236,907","242,121","243,173","246,114","250,503","256,559","263,401","267,818","274,599","273,220","272,720","282,705","293,158","302,294","313,132","321,591","327,756"
Lidingo,"220,316","221,858","215,888","220,151","221,700","229,673","234,954","244,297","254,081","261,510","266,970","270,127","271,240","276,401","282,832","288,653","294,776","297,018","305,247","302,315","300,897","308,734","315,740","321,977","331,405","339,544","347,288"
Vaxholm,"204,012","206,467","202,246","203,815","203,322","213,154","220,313","226,257","235,771","245,701","255,215","260,413","261,085","266,343","273,798","279,992","289,375","288,872","299,776","300,922","303,453","309,568","318,360","322,408","332,647","340,288","344,742"
Norrtalje,"173,956","176,654","173,240","174,943","176,118","182,518","186,769","195,031","203,131","209,337","212,178","217,212","219,682","223,692","226,972","230,773","233,915","234,282","239,803","238,129","236,725","241,574","247,474","250,572","256,972","264,356","267,000"
Sigtuna,"199,617","200,227","196,948","196,790","198,052","205,687","211,060","219,600","229,949","236,027","240,278","241,228","242,056","244,993","247,929","250,049","253,993","254,962","257,342","255,364","254,067","258,577","263,452","267,761","274,950","282,396","285,088"
Nynashamn,"195,648","196,483","192,180","192,356","192,793","201,329","206,523","212,987","223,013","227,713","230,964","234,980","234,171","241,128","243,175","243,276","245,203","246,707","252,212","250,068","248,827","254,921","259,964","263,625","271,276","279,049","281,453"
UPPSALA LAN,"180,336","182,201","177,876","177,516","177,909","183,998","188,714","197,153","206,426","213,293","218,461","223,397","226,074","230,410","233,673","236,231","240,273","242,322","247,632","246,138","246,625","252,658","259,396","264,906","273,673","280,142","283,868"
Habo,"207,840","207,299","202,246","203,694","206,350","214,852","221,433","229,983","238,470","247,110","252,548","256,847","259,369","262,650","267,315","271,821","275,664","277,598","283,172","282,474","281,219","288,649","294,385","298,503","306,807","313,109","316,831"
Alvkarleby,"172,964","177,486","173,902","177,316","178,191","183,578","188,879","196,366","205,947","211,004","213,744","216,512","219,147","225,427","226,087","229,527","230,085","233,893","239,584","237,981","230,555","234,847","242,195","245,911","248,029","254,093","259,716"
Knivsta,0,0,0,0,0,0,0,0,0,0,0,"256,038","258,499","264,214","270,880","276,961","283,509","286,273","292,037","294,245","297,208","305,391","311,016","320,019","327,418","336,172","339,747"
Heby,"159,637","163,343","160,923","159,621","160,364","165,305","168,599","176,144","185,079","189,337","193,223","200,790","203,603","206,953","210,217","213,327","216,492","216,762","220,460","218,581","217,435","224,267","230,814","235,039","240,858","248,263","254,747"
Tierp,"162,189","167,087","163,439","164,723","166,749","171,196","175,984","183,716","189,820","194,778","199,445","202,462","204,381","209,201","211,641","215,531","216,553","219,191","223,720","221,187","222,368","227,278","231,665","234,898","242,060","247,101","250,922"
Uppsala,"182,321","183,310","178,935","178,080","177,187","183,599","187,863","196,086","206,249","213,577","219,363","222,624","225,140","228,915","232,114","235,769","239,906","241,756","246,393","244,272","245,271","251,139","258,284","264,660","274,235","281,406","284,466"
Enkoping,"176,367","178,873","175,094","174,852","176,367","182,862","187,963","197,076","204,830","211,266","215,147","220,020","223,189","228,148","231,578","235,415","240,224","241,270","249,329","247,743","247,712","255,076","261,188","265,405","274,490","279,694","283,141"
Osthammar,"172,964","176,377","171,916","171,919","175,032","180,603","184,653","193,216","201,563","207,470","212,547","216,436","219,053","224,198","227,959","230,421","233,664","237,806","244,569","242,952","242,495","248,901","255,419","259,200","265,280","268,690","273,924"
SODERMANLANDS LAN,"177,359","180,260","176,816","176,860","177,959","182,919","187,497","195,270","202,415","207,776","211,862","216,189","219,714","224,425","228,308","232,178","235,882","237,813","241,775","239,319","238,806","243,016","247,803","250,232","257,857","263,580","267,688"
Vingaker,"166,301","170,553","167,015","168,617","171,558","179,544","181,583","188,804","195,310","202,071","205,408","210,160","211,844","216,273","218,385","222,715","224,318","226,422","232,654","229,003","226,967","228,816","233,225","235,287","239,916","243,080","247,056"
Gnesta,"175,516","178,041","174,697","175,892","178,316","184,433","189,871","197,748","207,134","213,134","217,623","222,738","225,611","228,583","232,445","237,819","243,130","244,809","249,310","248,148","248,081","251,488","254,828","260,191","267,251","271,345","278,294"
Nykoping,"180,903","183,310","179,995","179,500","180,832","185,689","190,800","198,718","205,599","211,445","215,493","220,641","224,490","228,977","233,732","237,781","241,944","243,681","248,519","247,797","247,920","251,745","258,280","263,347","269,770","275,859","279,595"
Oxelosund,"196,924","198,424","193,372","193,059","195,602","202,522","207,633","213,330","221,825","226,685","227,766","231,594","233,322","236,361","239,600","241,766","244,218","246,720","250,414","247,385","245,449","247,731","252,773","250,892","253,963","257,876","261,136"
Flen,"169,987","173,465","170,591","171,019","173,135","177,627","180,947","188,231","192,426","198,675","202,388","206,305","210,156","215,471","217,652","219,461","220,436","220,668","223,553","220,660","217,206","219,517","223,255","222,704","227,512","230,922","234,676"
Katrineholm,"168,711","172,911","170,459","170,834","171,836","176,658","181,809","189,990","197,041","203,463","205,906","208,383","209,007","212,690","216,558","218,968","222,256","223,509","229,664","226,088","226,532","231,232","235,666","239,623","247,452","252,821","256,607"
Eskilstuna,"175,516","178,041","174,035","173,863","173,877","178,333","182,227","189,792","195,482","199,315","203,713","208,566","213,571","218,531","222,720","226,928","230,418","232,629","233,892","229,708","229,450","233,644","237,906","239,402","247,616","253,967","258,082"
Strangnas,"184,022","187,470","183,968","184,664","184,953","190,809","195,748","203,731","213,873","220,117","226,014","231,028","233,200","239,675","243,379","246,295","250,943","251,979","259,577","259,665","259,150","265,311","270,447","273,633","283,667","289,215","294,720"
Trosa,"192,812","194,680","192,180","193,702","197,620","204,944","212,353","221,119","229,229","236,098","240,369","243,285","245,452","252,423","259,230","263,650","267,725","270,741","273,514","277,524","276,468","281,386","282,313","286,820","294,981","303,275","303,495"
OSTERGOTLANDS LAN,"172,822","175,822","172,578","172,650","173,659","178,819","183,036","191,132","198,305","205,020","207,325","212,423","214,777","219,087","221,870","225,364","229,138","231,186","236,137","234,093","233,706","238,788","245,302","249,599","258,116","265,467","269,744"
Odeshog,"149,713","150,309","147,678","151,809","150,926","156,559","162,112","172,481","178,754","184,353","185,555","192,116","196,491","200,205","203,048","208,920","211,651","212,850","215,443","215,454","214,969","217,214","224,916","226,494","231,740","237,467","241,685"
Ydre,"149,004","149,615","148,473","151,180","154,704","160,182","164,317","172,905","182,154","187,413","191,961","198,212","205,194","206,916","207,991","213,665","219,334","225,177","231,883","228,739","222,726","228,555","234,684","237,848","245,405","253,470","258,421"
Kinda,"152,549","156,964","157,214","158,425","160,362","164,948","171,091","176,724","183,467","189,992","192,839","199,607","204,547","209,651","215,038","217,815","219,696","222,440","229,247","228,517","228,739","233,150","240,669","244,050","250,314","258,218","262,173"
Boxholm,"159,212","163,620","162,644","163,137","166,339","170,995","175,269","184,664","191,801","198,910","200,722","207,607","210,768","215,642","218,644","222,639","228,889","234,045","236,749","230,482","233,182","238,017","244,394","248,188","259,571","267,213","272,714"
Atvidaberg,"170,270","173,327","171,518","170,095","171,840","176,013","181,571","191,080","198,383","204,690","206,389","212,335","213,156","217,102","220,667","223,551","227,627","227,163","231,567","229,950","231,692","233,534","238,255","246,084","251,822","260,288","261,108"
Finspang,"172,113","176,238","172,313","174,305","175,896","181,290","185,623","193,899","201,122","205,580","207,401","212,386","216,722","221,928","227,016","229,001","231,346","234,892","240,406","238,389","239,158","241,805","246,839","244,727","250,583","257,840","265,600"
Valdemarsvik,"156,093","159,183","155,360","155,391","158,754","162,902","166,931","174,947","181,880","187,800","191,678","195,860","200,602","202,937","205,714","208,852","212,759","214,723","218,712","216,509","211,623","214,758","222,420","225,550","230,257","236,014","238,831"
Linkoping,"178,918","181,092","177,478","177,334","177,875","182,629","187,395","196,259","204,568","212,232","214,177","219,106","219,819","224,181","226,575","230,178","232,763","235,417","239,696","237,784","237,348","243,296","250,170","256,612","267,178","274,524","278,864"
Norrkoping,"175,374","178,180","174,829","173,387","173,803","179,232","182,259","189,220","195,229","201,045","203,748","208,428","211,543","215,720","218,637","222,389","226,773","228,758","234,255","232,828","232,453","237,768","244,186","247,747","255,176","262,459","266,863"
Soderkoping,"170,412","172,217","170,856","171,816","175,315","181,021","187,107","194,183","200,784","207,080","210,298","215,216","219,119","223,959","226,100","229,705","233,344","237,182","245,132","243,767","243,606","247,072","253,819","261,564","270,828","278,616","284,003"
Motala,"170,412","175,268","172,181","173,169","174,207","179,447","183,486","192,478","200,980","209,206","209,872","214,956","217,498","220,844","223,085","225,724","229,937","228,287","233,006","228,716","227,591","232,329","239,164","242,950","249,922","255,913","259,217"
Vadstena,"173,956","175,684","174,565","176,747","176,875","181,897","185,748","192,875","199,678","206,999","210,164","214,824","217,281","224,153","226,028","228,890","231,180","234,601","239,725","236,419","234,816","239,342","243,264","246,275","254,734","259,557","261,579"
Mjolby,"167,151","170,276","167,545","169,086","170,905","176,894","182,089","191,401","198,032","204,557","206,421","211,634","214,671","220,424","222,311","227,467","232,692","235,430","240,344","237,791","237,419","243,645","250,001","255,636","264,881","273,628","277,799"
JONKOPINGS LAN,"169,987","173,465","170,459","171,386","173,813","179,740","184,981","193,982","202,579","210,008","214,260","218,430","221,405","226,856","231,090","236,002","240,996","243,279","246,197","245,167","246,300","251,725","257,000","262,597","270,341","277,492","282,811"
Aneby,"150,989","153,637","153,770","156,466","158,027","162,191","167,311","178,859","186,564","195,416","200,193","206,266","211,237","217,791","221,659","225,613","231,035","233,373","236,726","237,540","236,550","240,538","246,111","252,783","258,628","268,569","274,064"
Gnosjo,"181,187","184,697","182,379","186,056","189,251","197,134","205,516","215,279","223,911","230,530","231,296","234,347","235,741","240,279","244,454","249,409","252,728","253,626","253,806","251,395","254,023","260,968","267,219","270,046","278,414","281,638","287,144"
Mullsjo,"171,830","174,713","167,280","169,939","172,311","179,771","184,324","195,151","204,584","211,130","214,269","219,161","222,826","227,457","230,876","239,073","242,819","244,975","245,999","246,625","246,988","251,506","257,919","259,002","265,299","273,142","270,053"
Habo,"173,956","178,873","176,816","179,422","184,806","192,259","197,556","205,219","215,171","223,705","227,364","234,411","236,499","242,365","247,404","251,132","256,801","259,094","265,131","265,754","266,932","274,565","280,048","288,138","295,224","301,731","306,530"
Gislaved,"176,508","180,953","177,478","179,412","183,997","191,832","197,362","206,816","213,915","221,029","224,404","228,680","226,771","232,953","237,641","241,707","247,272","248,551","249,410","247,849","249,562","255,699","260,055","264,169","270,223","279,746","284,336"
Vaggeryd,"166,868","169,721","168,075","170,393","176,748","183,074","190,482","200,950","212,667","220,968","223,851","222,958","223,349","229,194","232,823","238,267","244,022","245,557","246,449","249,770","252,112","256,138","262,783","272,068","278,508","284,895","290,406"
Jonkoping,"174,240","177,486","174,035","174,293","175,229","181,026","185,597","194,198","202,381","209,652","214,063","219,835","223,159","228,930","232,535","237,483","242,019","243,852","248,667","247,599","248,837","254,954","259,998","266,689","275,182","282,504","287,976"
Nassjo,"165,592","169,860","167,280","167,607","169,756","175,766","179,340","187,641","195,163","202,187","204,991","209,720","214,296","218,580","223,207","227,692","231,696","234,598","237,893","236,211","235,482","241,011","246,842","249,213","255,865","264,626","271,432"
Varnamo,"176,225","179,566","177,213","179,888","183,387","191,223","196,364","205,371","214,113","221,150","224,235","227,352","230,016","236,121","239,549","244,957","249,845","253,163","253,571","252,186","255,125","260,734","267,112","273,409","280,085","287,672","292,777"
Savsjo,"153,541","154,746","153,506","154,360","155,376","159,670","165,184","174,391","183,248","190,157","195,083","198,755","203,900","208,924","214,146","219,539","224,933","228,730","229,445","230,741","230,372","234,223","237,431","240,360","251,613","256,957","263,042"
Vetlanda,"162,473","166,255","163,042","163,806","166,246","171,774","177,047","186,628","194,479","202,300","206,745","211,221","215,028","220,850","225,715","230,659","237,852","239,607","241,542","240,723","240,907","244,809","249,403","256,622","263,930","270,664","275,524"
Eksjo,"162,898","167,503","165,161","164,966","167,801","172,731","179,145","186,086","193,452","200,042","205,690","210,628","214,809","219,092","225,883","230,434","234,839","238,086","242,210","241,447","240,525","244,084","251,182","255,784","262,429","268,678","271,597"
Tranas,"160,630","165,007","162,115","161,485","163,338","167,878","171,671","181,943","188,673","194,277","199,426","203,935","207,452","209,370","214,567","218,851","224,093","228,667","232,846","228,053","227,487","230,434","235,691","238,930","247,814","253,019","260,224"
KRONOBERGS LAN,"168,427","171,247","168,472","169,254","171,747","178,197","182,984","191,505","200,276","205,528","209,791","213,828","216,978","222,052","226,957","231,552","235,526","237,730","240,834","237,622","238,061","242,555","247,777","251,507","258,761","265,861","269,869"
Uppvidinge,"157,652","161,818","158,274","159,086","163,260","168,281","173,631","183,239","193,697","198,885","202,571","206,475","209,499","214,486","217,120","219,870","227,819","230,050","229,133","229,083","228,856","228,515","233,906","238,923","245,575","252,904","260,417"
Lessebo,"164,174","166,948","165,426","166,469","169,237","176,421","182,014","190,472","199,963","203,912","206,324","211,301","214,309","216,952","221,829","225,275","226,723","227,304","231,456","223,504","224,278","226,915","231,243","228,017","232,185","240,587","243,762"
Tingsryd,"150,989","155,023","153,638","156,114","158,048","162,429","168,689","176,782","183,770","185,241","189,518","194,201","197,760","202,206","207,654","211,596","214,266","216,361","219,642","218,126","215,113","221,718","224,772","226,861","231,500","239,689","244,998"
Alvesta,"164,458","167,641","165,293","166,923","168,673","176,627","180,538","188,278","197,333","202,788","207,424","211,605","213,750","219,930","225,206","228,731","233,689","236,690","238,335","235,362","235,540","239,626","244,240","247,706","255,887","262,002","266,222"
Almhult,"165,025","169,583","167,412","169,090","171,507","177,390","182,600","189,571","200,350","205,330","208,041","213,698","218,654","222,890","227,866","233,737","241,092","244,281","249,151","247,730","249,769","253,951","258,793","263,331","273,502","279,013","281,429"
Markaryd,"160,488","162,788","160,260","161,078","162,825","167,842","171,178","182,332","189,790","195,271","198,250","202,912","205,993","209,451","212,710","216,355","218,641","217,002","219,856","214,042","212,190","216,652","221,687","224,788","229,889","236,830","238,440"
Vaxjo,"177,501","179,705","176,816","176,035","178,809","184,614","189,225","198,101","206,554","211,379","216,605","220,174","222,484","227,887","233,276","238,264","242,242","244,341","248,596","245,783","246,799","251,713","257,369","262,726","269,733","277,189","280,359"
Ljungby,"169,420","171,247","169,134","170,809","173,295","180,033","185,845","193,148","201,474","207,867","211,764","215,448","219,985","225,424","230,752","234,915","237,495","240,016","242,027","237,360","236,269","241,498","246,397","249,731","257,900","264,027","269,724"
KALMAR LAN,"166,301","169,860","167,015","167,277","169,557","174,969","179,265","187,415","195,019","200,132","203,840","208,082","211,839","216,369","219,329","222,768","226,557","228,925","233,229","230,877","231,031","234,687","241,340","245,321","252,796","258,663","263,676"
Hogsby,"150,847","155,439","152,976","151,791","157,046","162,557","168,755","175,037","182,925","185,761","185,032","190,242","191,197","195,996","200,293","204,264","204,764","205,486","205,796","202,614","199,284","203,108","209,490","210,879","216,681","219,129","223,678"
Torsas,"141,348","144,485","147,545","149,612","150,712","154,580","161,519","168,807","178,047","183,259","189,269","192,487","197,477","201,986","206,220","210,566","212,680","215,071","217,052","213,642","213,201","216,465","219,693","225,487","231,870","235,055","243,419"
Morbyrlanga,"163,323","165,839","165,028","165,789","167,825","172,840","177,191","185,806","194,035","200,839","206,934","210,864","214,184","221,198","225,281","229,273","232,434","235,920","242,111","242,627","242,702","247,336","254,025","258,395","266,770","271,976","276,360"
Hultsfred,"160,204","163,620","160,260","159,571","161,611","167,228","171,461","178,737","187,082","190,150","194,185","198,050","202,688","205,613","210,219","211,850","214,378","214,121","216,112","214,585","216,173","217,701","222,190","223,887","229,569","232,213","238,767"
Monsteras,"169,987","172,633","169,002","169,254","173,019","180,417","183,817","192,742","200,679","206,742","211,088","215,228","218,720","223,639","226,378","230,099","233,799","239,287","241,169","237,867","237,870","240,491","244,585","248,011","256,650","261,716","266,734"
Emmaboda,"163,465","166,948","164,101","165,868","167,932","174,332","181,162","188,724","198,430","203,567","204,842","209,833","212,766","216,669","217,854","224,029","225,692","227,523","231,098","226,625","227,662","228,143","233,234","235,962","242,848","245,749","252,053"
Kalmar,"175,941","179,289","175,359","174,429","175,381","180,734","183,436","191,416","199,460","204,416","208,779","212,876","215,826","219,797","222,829","227,676","231,825","233,772","239,616","238,299","237,795","242,843","252,042","256,944","266,172","274,274","279,528"
Nybro,"164,032","168,335","166,220","167,119","170,128","175,404","179,883","187,701","195,581","199,425","202,600","205,352","208,718","210,721","214,548","218,523","221,238","221,973","223,412","218,437","218,079","221,990","227,839","231,192","236,406","240,578","245,039"
Oskarshamn,"174,382","179,012","176,419","178,650","182,173","188,792","193,171","200,705","209,328","214,633","218,229","223,472","227,107","234,245","237,341","240,305","246,143","250,673","256,138","253,638","253,893","258,167","266,976","273,424","281,710","287,758","293,491"
Vastervik,"167,009","170,692","167,545","167,478","169,730","174,808","179,520","187,785","194,941","198,994","201,330","205,474","210,348","215,334","216,811","217,842","220,993","223,921","228,269","225,972","226,073","230,369","234,656","238,106","244,501","249,843","254,144"
Vimmerby,"164,599","166,809","164,234","165,050","167,242","173,078","177,057","185,989","193,229","200,475","204,331","208,652","212,381","217,529","220,047","224,879","228,388","230,704","233,915","231,975","232,876","236,201","241,433","248,106","256,066","261,290","266,151"
Borgholm,"137,237","140,741","140,128","141,419","143,463","145,493","151,553","160,448","167,617","172,496","175,876","181,761","187,753","191,525","196,008","198,383","203,032","202,846","207,498","209,508","207,968","211,227","217,188","217,518","227,222","232,398","239,358"
GOTLANDS LAN,"160,063","163,343","161,850","162,667","164,229","169,025","173,066","180,723","187,437","192,947","196,359","199,648","202,842","206,958","209,643","213,697","216,498","217,947","223,674","221,773","219,785","224,132","230,284","233,855","242,452","248,302","252,725"
Gotland,"160,063","163,343","161,850","162,667","164,229","169,025","173,066","180,723","187,437","192,947","196,359","199,648","202,842","206,958","209,643","213,697","216,498","217,947","223,674","221,773","219,785","224,132","230,284","233,855","242,452","248,302","252,725"
BLEKINGE LAN,"171,830","175,822","173,108","173,373","174,889","179,451","183,410","190,876","198,612","204,186","207,355","211,962","215,764","219,955","223,792","227,145","229,852","231,238","234,082","230,680","229,234","234,724","240,367","243,714","249,749","256,859","262,549"
Olofstrom,"179,060","183,587","181,187","180,141","182,006","185,066","189,846","197,238","206,950","211,483","212,360","216,520","218,985","222,064","225,712","228,592","232,840","232,975","230,822","224,201","225,451","228,432","233,758","234,645","242,740","250,937","258,813"
Karlskrona,"171,121","175,545","173,505","173,481","175,204","180,918","184,373","191,692","199,949","206,554","210,805","215,313","218,598","222,198","226,791","230,886","233,588","234,906","238,844","235,524","233,050","240,196","246,817","251,432","257,493","264,477","270,534"
Ronneby,"169,561","173,188","169,929","169,518","170,313","174,027","178,094","185,385","191,003","196,203","199,344","204,006","209,473","215,786","218,648","221,984","223,525","224,816","226,451","223,659","223,987","228,631","233,561","235,842","239,172","245,144","249,858"
Karlshamn,"175,232","178,734","175,889","177,101","179,133","182,533","186,573","194,961","202,187","206,725","208,684","212,484","216,593","220,172","224,007","227,419","230,234","232,861","236,524","233,080","230,390","234,911","239,200","242,663","248,345","257,403","262,036"
Solvesborg,"166,017","169,583","165,823","167,430","169,583","174,117","180,106","188,016","194,868","200,898","201,938","208,438","212,931","217,357","220,271","222,195","224,348","226,081","228,641","225,986","224,843","229,852","236,831","239,894","248,208","255,091","260,206"
SKANE LAN,"171,972","174,574","171,253","171,163","172,306","176,648","180,549","188,378","194,963","199,824","202,882","207,018","210,164","214,095","217,402","220,889","223,705","224,848","228,701","226,287","225,568","230,624","236,968","240,205","248,412","256,135","260,015"
Svalov,"165,308","169,028","166,618","169,235","171,106","174,725","176,520","185,455","192,711","199,915","201,440","208,466","210,452","213,174","215,066","220,522","222,774","228,008","230,646","230,173","229,053","232,548","236,262","242,712","250,568","259,846","262,647"
Staffanstorp,"198,767","199,672","196,683","197,461","198,108","205,806","213,390","222,406","231,457","236,258","241,755","246,360","248,056","253,232","256,836","261,270","264,774","265,468","272,955","273,144","272,795","278,651","286,072","293,038","301,885","308,085","311,616"
Burlov,"186,291","187,747","184,895","183,022","182,844","186,665","191,846","199,672","205,832","207,098","211,413","213,207","215,616","218,393","219,912","223,664","224,924","224,294","227,785","223,458","222,158","226,874","232,951","235,215","240,418","247,988","251,171"
Vellinge,"199,617","201,475","199,067","201,111","202,920","211,581","217,166","227,464","236,863","243,021","247,349","253,286","255,144","261,042","266,216","269,263","274,993","275,872","282,615","281,878","280,900","288,816","296,040","301,547","311,753","317,209","324,130"
Ostra Golinge,"173,673","175,268","172,578","173,014","176,137","179,673","184,250","193,266","200,271","204,757","208,217","210,702","214,318","217,936","221,008","225,044","228,122","227,866","228,284","225,345","222,596","227,037","229,561","229,587","233,449","238,579","241,253"
Orkelljunga,"156,518","160,292","158,274","160,314","162,807","167,731","171,414","179,978","186,427","189,031","190,415","196,584","199,270","203,931","207,282","210,505","212,107","212,230","211,420","210,383","208,472","213,220","221,229","220,168","225,924","233,768","238,527"
Bjuv,"178,351","180,121","176,154","176,086","177,302","182,172","188,198","195,756","201,034","206,756","208,349","212,798","215,785","217,767","220,350","220,898","222,254","222,790","224,750","222,567","220,284","226,238","232,052","235,112","241,867","248,932","250,320"
Kavlinge,"184,873","187,747","186,485","187,716","188,692","195,206","201,796","209,463","218,615","225,392","229,289","235,225","237,745","242,032","248,540","253,331","259,581","263,117","269,619","271,252","270,697","276,810","284,217","289,393","298,250","305,385","310,000"
Lomma,"201,035","202,029","200,127","201,935","204,689","213,546","219,582","230,138","240,965","246,815","250,287","255,080","261,092","266,042","271,157","279,327","285,100","288,771","300,252","301,375","301,700","308,975","318,343","326,812","336,990","347,042","352,432"
Svedala,"188,843","191,768","189,531","190,702","191,848","197,874","205,322","214,048","221,738","227,030","233,214","237,012","239,236","244,485","248,105","251,559","256,056","258,607","266,616","267,416","267,777","275,493","280,249","285,736","294,908","300,083","305,548"
Skurup,"162,898","166,393","164,764","164,114","166,155","171,005","175,885","185,475","193,607","200,431","201,996","206,786","209,743","215,674","218,519","222,157","226,280","226,735","231,776","232,187","233,235","239,527","243,890","250,349","257,589","263,975","267,377"
Sjobo,"154,959","156,549","154,565","156,592","157,463","160,542","166,297","175,346","181,890","186,211","190,051","194,620","198,242","202,514","206,430","210,197","214,101","217,457","223,929","224,990","222,275","227,761","234,951","239,125","248,875","253,916","256,738"
Horby,"153,399","157,380","154,962","156,573","157,268","161,158","165,508","174,105","181,570","186,322","190,600","194,670","198,331","203,744","207,221","210,457","213,598","214,632","220,519","221,209","221,137","227,630","233,374","238,759","247,422","253,219","255,222"
Hoor,"165,308","169,999","167,412","168,240","170,028","175,479","178,993","186,335","192,214","197,877","201,399","206,676","210,640","215,717","219,209","224,485","228,863","230,942","238,771","238,992","239,392","244,753","251,009","256,874","265,085","272,507","276,783"
Tomelilla,"145,176","148,645","148,737","149,116","151,628","155,012","160,276","168,906","176,289","181,848","185,117","191,768","195,726","200,610","202,554","205,525","207,616","207,459","213,135","212,825","211,882","217,488","224,466","226,384","235,719","242,432","245,383"
Bromolla,"174,524","178,873","176,021","175,600","178,286","183,033","190,476","197,289","206,180","210,732","213,199","217,424","219,903","224,388","228,360","230,267","230,451","232,397","233,622","230,595","228,630","233,248","237,134","241,060","249,042","257,838","261,123"
Osby,"164,883","168,751","166,618","167,574","168,158","171,822","175,991","184,885","192,585","197,445","199,594","205,451","207,385","211,426","213,068","217,935","221,958","222,093","225,793","223,641","220,326","225,562","227,762","230,732","239,645","245,294","249,760"
Perstorp,"173,956","176,932","173,373","174,825","179,067","183,739","185,556","193,096","201,943","207,622","205,012","205,207","206,204","207,950","210,662","212,395","209,051","208,909","210,436","203,678","201,086","205,282","210,472","212,939","214,831","222,601","227,239"
Klippan,"163,182","166,116","162,909","163,075","164,823","169,692","173,677","180,760","188,296","192,999","196,375","198,398","200,418","203,953","207,463","210,654","212,946","212,614","216,640","214,790","213,238","218,325","222,632","224,957","230,846","238,033","240,662"
Astorp,"174,949","177,764","173,373","172,746","174,937","178,473","183,449","190,905","196,467","200,432","203,606","208,547","211,776","216,827","218,541","221,316","223,493","222,732","223,392","221,934","220,014","225,276","231,246","232,564","242,247","248,435","250,605"
Bastad,"158,503","158,906","156,154","158,890","163,093","168,315","174,978","181,720","187,368","193,102","196,551","203,389","208,124","212,288","215,377","218,033","225,091","227,760","233,623","231,868","231,551","235,688","242,358","245,121","254,023","261,041","265,309"
Malmo,"169,845","172,079","167,545","165,310","165,366","168,140","170,571","177,850","183,045","185,313","187,101","190,471","192,843","195,149","197,663","200,307","199,565","198,646","199,976","196,488","196,659","202,391","209,464","212,790","222,262","231,099","235,545"
Lund,"177,643","177,486","171,783","170,832","171,300","175,474","179,872","188,904","197,609","203,704","207,576","210,321","212,183","216,730","219,097","225,793","230,032","231,318","233,278","229,642","228,703","234,494","240,433","241,075","251,247","258,591","261,037"
Landskrona,"170,129","174,436","170,988","168,988","169,831","174,129","179,136","186,403","190,759","194,431","195,408","198,551","201,280","203,807","206,901","209,197","212,042","212,515","215,625","212,607","210,569","215,988","221,475","224,027","231,190","239,136","243,000"
Helsingborg,"174,524","177,486","174,035","174,256","175,228","179,654","182,885","190,546","197,609","202,115","205,856","211,182","215,087","219,722","223,900","227,073","231,540","231,843","236,201","232,914","231,852","236,702","243,998","245,762","253,493","262,278","266,119"
Hoganas,"172,255","176,100","174,962","175,859","178,157","183,331","189,100","197,372","206,260","211,796","215,263","220,204","223,247","228,225","232,337","236,046","240,955","243,580","250,542","248,259","247,144","252,830","260,524","265,919","273,258","279,733","283,498"
Eslov,"170,696","173,465","172,181","172,392","173,644","177,939","181,921","190,586","196,800","201,466","205,024","210,755","213,729","217,970","220,648","224,924","227,395","231,840","236,231","234,225","234,152","239,916","247,639","252,137","261,006","266,763","269,476"
Ystad,"167,577","171,247","168,340","170,761","171,319","175,948","179,564","186,671","195,053","200,141","204,163","208,101","213,018","218,163","221,924","225,470","228,690","230,196","236,278","235,808","235,306","240,526","246,621","251,802","261,636","267,070","269,840"
Trelleborg,"172,539","175,129","171,253","171,819","173,481","178,110","182,291","190,549","198,233","202,696","205,813","209,429","212,777","216,558","219,678","223,381","226,920","228,562","233,281","232,792","230,790","235,149","241,432","245,681","253,169","261,226","265,003"
Kristianstad,"172,113","174,852","172,843","173,045","174,360","179,232","183,638","190,537","197,983","203,101","205,465","210,152","214,497","219,484","222,175","225,988","227,961","229,360","232,886","230,896","229,982","232,954","238,629","241,796","250,158","258,331","262,872"
Simrishamn,"156,235","159,599","157,611","159,121","160,120","162,859","168,644","177,004","184,229","188,521","191,066","195,427","198,877","202,981","207,046","207,963","210,041","210,401","216,188","213,673","211,515","216,355","221,772","225,034","231,376","237,091","241,281"
Angelholm,"170,129","173,188","170,326","171,906","173,028","178,860","182,870","190,517","197,379","203,512","208,475","214,095","217,694","221,478","225,588","229,716","234,382","236,998","244,036","242,850","242,213","248,355","254,928","260,135","267,556","276,270","279,839"
Hosleholm,"164,174","166,116","163,836","164,382","166,189","170,718","174,503","181,871","188,995","193,095","195,987","200,464","205,113","209,547","214,240","217,173","218,454","219,387","223,639","219,655","219,076","221,535","228,213","230,638","239,365","247,166","250,131"
HALLANDS LAN,"171,121","173,881","171,518","172,323","174,046","180,119","184,344","191,969","200,260","206,385","210,154","215,392","219,583","225,821","230,920","235,370","240,138","243,132","249,254","248,496","249,543","256,025","262,194","267,149","275,825","283,421","287,526"
Hylte,"162,898","166,671","164,234","164,547","167,525","175,058","178,469","186,777","194,428","200,264","203,409","208,473","211,459","218,561","222,055","224,609","227,283","229,773","232,779","233,360","230,196","239,665","241,390","244,711","247,822","252,761","256,314"
Halmstad,"171,546","174,020","171,121","171,569","172,877","178,045","181,583","188,401","195,363","200,779","204,192","209,447","213,503","219,024","224,499","228,407","233,397","235,944","240,750","239,656","239,806","246,042","251,581","254,337","261,983","271,184","275,411"
Laholm,"152,690","154,607","154,300","156,080","157,752","163,137","166,695","174,915","182,120","187,813","191,500","197,290","202,292","207,318","210,776","215,674","219,716","222,018","226,352","226,096","227,359","232,914","239,390","242,125","250,541","256,417","260,036"
Falkenberg,"162,473","165,839","163,042","163,682","164,861","170,020","173,822","181,540","188,500","193,110","196,292","202,721","207,468","213,055","217,579","220,984","226,384","229,685","236,052","234,729","236,363","242,015","248,884","252,328","259,674","264,290","267,912"
Varberg,"166,159","169,305","167,280","167,957","168,186","174,407","178,978","187,054","194,754","199,780","203,565","209,161","213,454","220,193","225,420","230,204","234,700","239,057","245,524","245,623","247,157","253,769","259,996","267,215","277,775","285,184","288,955"
Kungsbacka,"192,529","194,403","190,458","192,075","194,093","202,586","208,941","218,394","227,655","235,884","240,544","246,825","250,000","257,625","262,524","268,557","273,541","276,179","282,975","282,712","283,386","291,374","298,349","306,267","315,970","325,078","330,455"
VASTRA GOTALANDS LAN,"180,194","182,339","178,141","177,425","178,991","183,988","186,866","195,808","204,236","210,005","214,005","218,815","222,301","227,115","231,346","235,024","239,411","241,573","245,268","242,572","243,291","249,326","255,104","259,999","269,723","278,675","284,164"
Harryda,"197,491","200,504","197,875","198,849","202,186","210,408","215,575","223,979","234,153","241,432","246,001","249,744","254,114","260,009","264,275","269,555","275,958","278,508","285,173","286,947","289,346","297,376","305,469","312,363","323,658","331,804","338,721"
Partille,"196,924","199,118","196,948","197,480","199,702","206,871","211,368","220,858","228,485","234,494","239,412","243,987","247,243","253,730","258,247","262,091","267,868","270,435","275,022","274,480","276,764","284,646","292,305","297,996","309,956","317,390","323,939"
Ockero,"175,232","177,625","174,962","178,878","182,871","189,903","195,789","206,516","215,670","221,322","224,066","231,572","236,222","241,698","246,734","253,543","258,038","261,174","267,374","264,290","263,250","273,291","278,105","285,729","294,923","304,496","310,848"
Stenungsund,"188,843","191,630","187,544","188,307","190,687","198,630","203,826","212,563","220,889","229,152","233,457","237,871","240,386","246,401","250,388","255,693","260,668","263,892","269,934","268,622","271,141","276,390","286,199","293,330","304,679","312,589","315,680"
Tjorn,"176,083","178,318","174,167","176,165","179,791","187,702","193,690","200,973","210,012","215,526","221,385","227,268","230,115","235,560","240,439","243,786","249,622","251,402","258,488","258,626","257,953","263,228","271,758","278,017","288,349","296,321","302,495"
Orust,"166,159","169,028","166,220","168,198","170,689","175,823","181,977","189,938","198,431","203,892","207,336","213,362","216,887","223,085","227,997","231,086","235,516","236,576","240,690","239,293","239,754","245,110","250,077","252,526","260,592","269,013","272,703"
Soteno,"161,906","166,255","164,764","167,299","169,267","176,049","180,496","188,468","195,652","198,744","202,413","209,603","213,027","217,971","223,283","227,608","231,247","233,984","241,437","240,287","241,134","242,552","250,927","257,061","265,260","274,543","276,957"
Munkedal,"159,779","164,314","163,307","162,312","163,191","167,579","171,143","181,160","188,767","193,425","193,623","199,069","205,040","210,256","212,429","215,794","217,083","217,569","220,290","219,209","219,101","225,472","228,443","231,988","241,246","248,278","252,884"
Tanum,"146,311","149,754","149,797","152,291","155,092","158,800","163,911","173,204","181,394","188,017","190,351","196,917","201,639","206,404","211,380","215,907","218,507","220,031","221,262","219,491","219,134","226,614","233,034","236,785","245,033","253,714","254,580"
Dals-Ed,"149,855","155,578","155,492","157,628","162,610","166,040","170,116","179,549","187,271","191,154","189,622","196,355","203,690","205,629","208,805","205,874","208,807","207,697","208,149","203,960","198,707","202,551","207,924","211,878","215,969","225,062","230,858"
Fargelanda,"160,913","165,284","164,234","166,673","169,449","175,901","180,537","191,511","200,093","203,867","202,094","206,967","211,404","213,506","216,064","217,451","217,005","217,316","221,711","218,470","217,182","220,538","226,473","227,729","236,513","241,091","249,734"
Ale,"189,268","192,600","188,869","188,677","190,853","197,713","202,981","211,089","218,494","224,356","227,475","233,784","238,076","242,828","247,751","249,992","255,311","256,851","263,121","262,447","263,079","268,450","276,139","281,209","293,002","301,025","306,404"
Lerum,"196,782","198,286","195,359","196,312","199,080","206,334","213,260","221,127","230,556","236,949","242,103","247,315","250,462","255,304","260,944","266,647","270,523","275,200","281,098","283,349","285,050","290,847","299,542","305,438","315,453","324,006","328,383"
Vargarda,"159,354","164,730","163,439","165,890","168,892","173,366","180,465","189,792","200,321","208,520","215,018","218,838","223,943","229,065","231,519","234,748","236,805","238,957","243,540","242,078","242,809","247,217","251,558","257,589","266,184","272,867","278,274"
Bollebygd,0,0,0,"185,132","189,305","194,855","201,488","210,377","219,156","224,877","229,788","234,830","238,537","245,352","248,002","253,837","257,156","259,317","263,772","261,880","264,971","268,405","275,490","282,085","291,662","299,289","304,845"
Grotorp,"160,488","164,175","163,174","164,616","166,717","173,221","178,937","185,849","195,308","202,641","207,061","209,168","213,698","216,967","220,808","222,034","225,549","225,900","229,946","228,611","229,682","235,013","238,005","245,165","255,112","264,829","267,140"
Essunga,"153,116","155,578","155,492","157,427","158,428","162,640","169,703","179,222","187,068","194,804","197,209","201,473","206,221","211,145","214,288","218,393","224,118","225,414","228,271","227,058","226,225","228,280","235,735","237,697","246,605","253,851","254,451"
Karlsborg,"166,584","170,692","169,532","169,637","169,813","174,918","179,409","186,645","191,570","197,158","200,280","206,333","211,242","216,527","220,244","225,518","228,735","228,394","235,629","231,608","231,980","240,470","244,688","246,846","250,535","255,033","260,764"
Gullspang,"156,518","160,847","159,068","159,511","162,370","167,885","171,076","177,936","185,838","189,159","190,600","197,432","201,304","204,368","207,602","210,435","212,301","210,928","214,021","208,040","206,302","211,556","217,299","215,734","221,323","226,019","229,809"
Tranemo,"168,711","172,079","168,340","170,261","172,483","180,400","186,134","196,607","203,868","208,415","212,070","216,843","218,224","226,414","229,791","236,557","240,783","242,565","245,307","243,567","243,783","249,173","252,712","259,053","266,428","272,995","276,918"
Bengtsfors,"166,442","170,553","170,061","172,236","177,064","181,129","185,180","191,645","197,568","196,030","195,630","200,890","203,674","207,091","208,604","207,246","207,072","203,424","206,623","202,450","202,526","206,558","214,607","214,703","221,002","225,024","230,220"
Mellerud,"151,698","157,103","155,757","156,277","158,663","165,705","168,464","176,486","182,769","186,322","187,000","191,515","196,678","198,388","203,951","204,065","203,963","204,080","207,539","199,277","196,456","203,601","209,329","210,162","217,092","223,515","227,490"
Lilla Edet,"176,650","181,369","178,670","177,687","178,412","182,451","187,586","196,364","206,300","212,601","214,192","219,299","221,605","224,968","230,073","231,802","236,658","236,908","240,479","240,063","240,211","244,701","249,290","253,001","261,023","270,131","276,733"
Mark,"162,615","165,561","163,969","165,701","167,870","173,416","178,436","186,844","195,194","201,004","204,733","208,264","212,588","216,552","220,537","224,876","229,288","231,149","236,488","235,332","235,710","240,611","249,047","252,842","261,332","268,282","273,063"
Svenljunga,"157,936","161,124","158,141","160,699","162,797","168,028","173,011","183,499","190,495","194,225","199,346","202,873","206,690","211,499","216,203","221,102","222,686","223,836","226,154","226,583","227,963","233,801","239,426","242,451","246,803","254,559","257,035"
Herrljunga,"160,063","163,620","161,320","162,312","164,336","170,765","176,149","185,891","194,689","199,048","201,676","205,980","210,567","214,578","219,793","224,865","227,684","228,953","231,533","230,980","231,103","233,354","240,291","244,688","255,358","262,613","266,407"
Vara,"154,392","155,717","154,565","156,413","158,190","163,112","168,753","177,718","184,625","189,322","193,402","199,356","205,209","208,998","213,417","216,297","221,590","224,670","227,044","225,713","227,912","232,897","236,363","239,847","247,685","256,165","259,933"
Gotene,"169,845","172,633","170,061","172,065","173,823","180,599","187,008","194,437","205,209","209,346","212,991","219,125","223,103","227,129","231,282","235,384","241,221","243,182","247,687","244,872","243,856","248,338","252,863","255,782","263,797","273,605","277,923"
Tibro,"166,301","168,751","166,088","166,948","169,079","176,229","180,752","189,888","199,300","205,040","206,745","210,210","213,266","216,769","220,761","221,324","226,252","227,584","231,174","226,760","228,042","229,008","234,502","232,641","241,306","250,925","256,335"
Toreboda,"152,974","155,994","153,638","153,772","155,220","159,132","165,032","174,620","182,290","186,242","188,492","193,580","198,464","202,639","202,752","206,268","209,444","211,657","213,742","210,142","211,032","215,004","221,801","223,014","228,540","234,163","238,576"
Goteborg,"179,627","181,092","175,889","174,165","175,365","179,653","182,392","190,965","199,525","206,096","211,000","215,702","219,256","223,945","227,480","231,482","236,299","238,913","240,664","236,506","237,584","245,538","252,080","257,059","268,806","279,269","285,244"
Molndal,"193,663","195,651","192,710","193,282","194,730","203,216","208,366","217,232","226,420","232,657","238,159","243,456","246,229","250,969","256,446","261,554","268,096","271,318","277,850","276,507","277,787","284,999","292,748","300,336","311,399","319,766","324,411"
Kungalv,"187,992","191,075","187,677","189,580","192,399","199,675","205,626","214,528","224,617","229,689","234,523","239,291","242,413","247,546","251,945","255,956","261,059","264,159","270,528","270,849","271,258","277,489","284,048","290,880","300,652","310,992","316,511"
Lysekil,"169,561","173,465","170,988","171,119","171,467","176,798","179,717","190,882","198,111","203,409","206,261","210,492","213,921","218,888","223,169","225,730","228,495","229,725","235,073","232,413","231,711","237,321","243,272","247,275","253,251","261,265","265,252"
Uddevalla,"176,083","179,428","176,021","175,324","175,866","180,203","183,971","193,822","200,774","205,550","208,548","213,701","217,937","221,349","226,188","230,526","233,990","236,037","240,387","237,841","235,940","240,769","245,272","250,481","259,778","269,384","275,604"
Stromstad,"156,802","161,818","161,055","161,325","161,309","166,662","170,442","177,173","185,441","191,676","193,839","200,944","207,457","210,848","216,096","217,623","219,948","218,750","227,621","220,917","218,239","224,225","229,509","228,708","236,724","243,196","247,971"
Vanersborg,"181,754","185,667","183,041","181,848","183,081","188,578","194,035","202,780","210,472","216,040","219,110","224,823","225,888","229,584","234,334","237,768","240,142","241,091","243,756","240,603","238,611","243,534","246,441","249,368","256,673","263,902","270,320"
Trollhattan,"185,582","188,857","186,220","182,721","183,093","187,544","193,747","204,705","212,583","216,566","220,619","226,896","228,764","231,500","235,557","238,924","240,235","239,904","241,957","236,606","235,012","238,781","237,890","242,317","253,297","263,993","270,082"
Alingso,"171,972","175,822","172,843","174,643","176,233","182,240","187,295","197,191","205,410","211,794","216,900","222,001","226,642","231,370","235,378","238,688","241,793","243,462","247,769","245,606","246,546","253,364","260,368","266,338","273,958","281,434","286,618"
Boro,"175,232","177,902","175,359","175,210","176,981","182,628","187,177","195,819","203,307","208,300","212,354","215,764","218,245","223,607","228,784","231,683","235,725","237,928","241,458","240,088","242,129","246,563","251,498","256,185","264,564","271,963","276,674"
Ulricehamn,"162,331","165,839","163,704","167,114","169,435","175,206","180,573","189,160","196,216","202,082","206,049","212,342","215,961","222,334","225,907","229,378","234,248","236,814","241,947","239,763","241,510","245,771","252,978","258,070","265,794","274,540","276,936"
Amal,"165,025","169,167","166,088","167,539","170,933","176,686","181,428","188,324","194,176","196,268","199,942","205,607","208,780","212,518","217,088","216,102","216,320","216,508","219,422","214,180","211,624","215,280","220,901","222,039","226,345","229,276","236,217"
Mariestad,"172,822","175,268","172,975","172,589","175,268","180,740","184,984","193,937","200,548","206,558","208,695","212,719","217,095","221,951","226,389","228,573","233,067","232,241","236,108","233,447","232,515","234,737","241,596","244,313","251,968","261,239","268,398"
Lidkoping,"168,711","171,385","170,326","171,738","174,621","179,761","184,943","192,486","200,960","206,023","210,661","216,392","221,084","226,146","231,756","236,172","240,063","243,417","247,686","245,796","245,512","251,330","256,176","259,845","269,324","278,255","283,741"
Skara,"171,830","175,268","172,843","174,581","175,842","182,821","187,537","196,503","205,319","210,867","213,995","218,900","223,462","227,308","230,795","233,226","235,731","237,930","243,151","241,057","238,347","241,146","241,003","247,401","256,487","263,639","272,733"
Skovde,"180,903","183,587","180,657","180,719","182,062","188,176","191,794","200,410","209,907","215,155","217,945","220,211","222,915","228,262","233,666","237,556","242,707","247,552","248,892","246,621","250,657","257,041","262,016","268,177","277,182","283,960","288,976"
Hjo,"163,323","165,700","165,028","165,072","165,669","172,915","176,462","185,438","192,093","198,580","200,946","205,407","211,951","216,056","220,099","224,524","229,651","232,690","234,845","230,145","230,703","234,230","242,446","245,325","251,538","261,100","266,036"
Tidaholm,"168,285","171,940","170,856","170,166","171,588","175,893","179,926","189,198","197,047","202,046","203,179","207,577","212,794","217,044","220,147","223,517","228,473","229,128","233,209","226,897","230,057","233,683","240,384","242,966","251,477","258,782","264,373"
Falkoping,"161,622","164,730","163,307","163,795","166,046","171,998","176,320","185,593","192,459","199,669","201,992","205,933","208,794","213,977","219,455","222,734","227,453","230,863","233,866","230,199","230,576","236,186","241,484","244,323","250,485","258,136","263,626"
VARMLANDS LAN,"170,837","174,713","172,710","173,223","175,286","180,428","183,908","191,085","197,698","201,557","204,004","207,813","212,000","216,814","220,615","223,704","225,469","226,552","230,843","227,767","227,090","232,154","236,939","239,828","247,449","254,212","259,125"
Kil,"174,949","177,902","176,154","179,049","181,001","188,189","191,447","194,905","202,192","206,821","209,984","212,942","218,307","223,211","227,202","229,697","231,176","234,389","237,151","235,352","236,320","242,892","246,930","250,496","258,397","267,102","270,182"
Eda,"154,959","159,183","157,744","158,943","162,759","166,949","171,198","179,504","184,520","186,322","187,684","193,023","194,671","197,351","199,012","200,574","200,605","200,670","202,484","190,715","191,143","196,706","201,303","202,285","209,774","215,449","219,205"
Torsby,"158,220","163,898","161,320","162,149","163,959","166,994","173,389","180,177","186,531","188,765","188,859","191,920","196,372","201,105","203,601","205,951","206,909","206,903","212,457","211,835","209,620","215,942","221,590","223,296","228,999","232,519","240,640"
Storfors,"169,561","171,801","170,724","170,279","175,841","182,467","183,842","192,212","199,991","201,020","205,988","208,469","210,621","214,169","216,218","219,978","221,767","222,610","229,001","222,066","221,334","228,248","228,987","230,617","238,673","245,034","248,631"
Hammaro,"194,797","196,899","196,153","197,143","199,237","209,535","213,461","220,373","227,470","234,509","238,511","240,921","246,185","252,803","257,782","261,706","263,873","268,396","276,092","278,999","277,682","283,766","290,947","299,846","307,824","316,704","323,314"
Munkfors,"164,032","169,721","166,883","168,643","171,285","177,412","181,298","188,167","194,644","197,121","196,746","201,882","204,872","210,239","210,282","210,197","210,963","208,614","211,041","205,900","205,108","209,812","213,088","213,673","223,765","227,520","231,252"
Forshaga,"176,934","179,428","177,876","178,335","180,125","185,405","188,832","195,773","203,652","207,081","210,163","211,133","215,920","219,992","224,517","227,921","228,885","229,315","236,857","232,395","230,561","235,602","240,183","242,658","254,987","263,108","267,454"
Grums,"172,680","175,961","173,902","175,083","176,700","183,379","185,502","192,461","199,984","203,011","205,180","208,909","212,677","218,621","221,361","223,378","225,659","225,573","230,980","225,704","223,448","226,243","231,090","232,765","239,430","246,319","252,110"
Arjang,"152,549","155,162","154,830","156,497","159,405","163,943","169,098","175,458","180,239","183,983","183,483","185,246","189,763","194,017","199,249","201,620","200,556","197,911","200,398","191,424","190,565","200,487","202,300","204,118","209,772","215,924","218,429"
Sunne,"158,361","164,591","164,101","164,065","166,447","171,171","174,843","181,324","187,388","192,391","195,610","198,076","203,378","207,599","210,806","214,348","215,513","215,318","219,600","220,316","219,469","224,932","230,943","230,104","236,732","246,073","252,448"
Karlstad,"182,463","184,558","181,584","181,973","182,131","187,242","190,522","198,035","205,322","209,810","212,413","216,351","221,654","226,313","231,056","234,867","237,536","239,353","244,501","241,573","241,591","246,688","252,548","256,130","265,650","273,023","277,155"
Kristinehamn,"172,255","176,377","173,505","172,485","174,531","180,608","184,893","191,870","198,942","202,785","206,102","209,504","212,104","215,638","218,959","222,929","223,460","223,039","227,189","224,417","220,649","224,881","229,346","229,539","236,631","241,048","247,107"
Filipstad,"165,308","168,612","167,412","169,287","171,412","175,044","177,597","184,840","190,887","194,335","196,761","201,468","204,004","206,403","209,972","212,687","212,879","213,738","217,544","212,624","211,115","213,271","217,504","217,772","220,821","223,695","230,569"
Hagfors,"170,129","175,822","172,710","173,947","175,579","180,643","182,865","189,894","195,953","199,244","199,853","204,321","207,774","212,588","214,448","214,632","215,035","216,075","218,719","217,543","215,038","219,322","225,033","230,113","235,895","243,216","248,100"
Arvika,"159,921","165,839","164,499","166,626","168,745","173,049","177,773","185,404","190,630","194,422","197,004","200,673","205,461","210,818","214,991","219,708","221,955","225,705","227,172","223,189","223,049","227,206","231,273","236,278","242,753","248,596","252,273"
Saffle,"159,495","164,730","164,101","164,474","167,626","172,861","175,835","182,999","190,292","194,032","195,827","202,478","204,850","209,920","212,517","214,175","215,376","214,124","220,191","214,239","212,000","216,560","220,530","218,303","224,160","230,789","234,864"
OREBRO LAN,"175,941","179,705","176,551","176,472","178,177","182,946","187,002","195,418","203,156","208,247","210,761","215,483","217,736","222,382","226,033","229,435","233,503","235,621","239,406","235,954","236,160","241,950","247,050","250,471","257,431","264,064","268,212"
Lekeberg,0,0,0,"164,743","168,095","173,532","178,630","187,615","196,921","203,383","208,990","214,880","217,016","219,128","223,734","227,939","235,373","236,754","241,725","241,484","241,384","246,841","253,596","259,214","269,678","276,646","283,575"
Laxa,"174,665","180,953","176,419","177,991","179,966","185,413","191,850","198,326","205,750","208,505","210,336","211,946","212,917","216,963","219,413","220,658","225,855","227,635","230,283","229,585","232,124","233,796","236,772","228,595","238,943","244,308","249,423"
Hallsberg,"174,240","177,209","174,167","174,602","179,138","184,731","189,661","198,861","206,524","211,503","211,378","215,707","216,908","221,845","225,335","228,135","231,563","232,561","236,019","230,905","232,277","237,768","242,939","249,739","254,149","259,138","263,692"
Degerfors,"175,232","179,844","176,021","176,216","177,999","183,615","186,871","194,063","202,312","206,341","210,711","215,018","218,415","220,172","223,716","226,001","229,746","229,968","234,754","229,100","225,328","230,787","233,789","235,255","241,817","247,582","250,235"
Hallefors,"172,539","175,406","171,253","170,628","172,243","174,765","177,873","186,302","193,043","195,879","197,844","200,953","206,572","212,417","213,778","217,233","217,339","219,348","219,869","217,345","212,623","215,840","222,374","222,001","225,384","233,823","235,912"
Ljusnarsberg,"163,040","168,612","165,823","166,745","167,090","169,841","174,317","182,392","187,284","189,619","191,809","196,275","200,978","203,030","204,724","206,433","205,424","203,290","210,488","205,246","204,574","206,850","209,795","210,095","213,994","219,682","220,368"
Orebro,"176,367","179,705","176,154","176,790","177,353","181,494","184,410","192,968","200,235","206,081","209,715","214,876","216,941","222,037","225,978","230,083","234,467","237,537","242,117","239,223","240,058","246,198","252,318","256,341","264,381","271,469","274,543"
Kumla,"176,225","181,369","179,862","182,410","186,048","193,441","203,033","212,234","220,326","225,987","226,342","230,435","229,452","231,755","234,603","238,608","243,329","246,027","250,492","246,964","247,396","253,035","258,040","264,332","271,904","279,456","283,306"
Askersund,"166,726","172,356","168,604","169,667","172,286","177,997","183,877","192,362","199,767","205,005","205,927","210,921","213,720","219,838","222,184","225,010","227,608","229,193","233,280","232,753","232,974","237,262","244,047","249,152","254,854","258,785","266,147"
Karlskoga,"185,015","187,747","185,028","183,713","185,651","191,390","195,263","203,160","212,397","216,570","218,402","222,256","224,372","229,866","233,483","235,630","238,012","239,551","243,836","237,280","235,163","242,053","246,048","246,895","253,505","258,884","262,663"
Nora,"176,650","179,289","177,743","177,107","177,894","183,171","187,302","193,483","200,974","205,717","207,434","213,470","215,769","220,993","227,228","230,074","234,753","236,111","238,777","235,615","235,679","240,380","245,194","248,536","252,588","256,656","261,691"
Lindesberg,"172,680","177,209","174,300","173,354","175,647","181,364","185,758","194,470","202,006","205,750","208,475","211,930","216,717","220,356","224,466","227,747","233,383","235,237","235,221","231,968","233,243","239,141","241,982","243,678","249,079","256,248","263,017"
VASTMANLANDS LAN,"181,187","184,003","180,260","179,293","181,000","186,051","189,872","197,584","205,669","210,558","214,397","218,770","221,826","226,243","229,480","233,818","237,663","239,813","244,287","240,636","240,156","245,743","250,902","254,983","262,709","269,428","272,980"
Skinnskatteberg,"168,853","172,911","169,796","170,049","175,302","180,739","183,727","192,191","199,057","201,765","205,207","212,262","211,517","213,846","219,194","219,812","222,139","225,464","227,194","223,214","221,571","227,674","233,758","233,579","235,319","244,292","247,167"
Surahammar,"186,007","188,579","185,425","185,075","188,356","193,840","198,329","207,290","214,235","218,809","224,264","228,240","230,646","233,361","236,503","239,187","240,328","243,339","246,945","240,968","238,989","243,349","246,509","248,018","255,402","260,605","264,009"
Kungsor,"175,941","178,457","176,286","178,807","181,263","185,928","190,916","199,588","208,147","213,769","215,869","219,036","222,829","228,016","232,857","237,570","240,015","239,731","242,758","238,592","238,925","242,413","244,492","246,021","252,503","257,933","258,474"
Hallstahammar,"183,597","185,390","180,790","180,125","182,192","187,572","190,983","197,759","206,063","210,795","212,941","217,368","222,285","226,446","227,989","230,512","233,911","235,387","236,943","234,160","232,425","236,211","239,490","244,244","253,144","260,634","264,795"
Norberg,"176,367","179,428","177,876","176,808","180,643","184,330","188,939","197,268","200,386","205,388","206,406","211,705","215,960","217,951","222,756","224,355","228,007","230,877","235,245","232,862","228,192","235,976","241,580","237,746","244,410","256,279","259,222"
Votero,"187,567","190,243","186,220","184,724","185,163","191,184","195,419","202,642","210,803","215,558","219,810","223,937","226,727","231,376","234,446","238,352","242,593","244,886","251,130","248,538","248,223","254,077","260,303","265,503","273,616","280,462","283,201"
Sala,"167,718","170,969","168,604","167,912","169,206","173,791","178,093","185,685","194,234","199,483","203,788","205,385","208,736","212,496","215,574","219,768","224,637","227,345","232,512","231,483","229,897","235,223","241,143","244,343","250,346","257,434","260,185"
Fagersta,"181,045","184,697","180,260","180,667","184,801","190,664","195,065","202,350","210,788","213,870","216,967","222,406","225,080","229,607","232,747","234,729","239,872","243,706","243,142","237,197","236,180","241,404","248,095","247,473","252,418","256,829","265,030"
Koping,"175,941","179,012","175,492","174,523","176,801","180,896","184,176","192,840","201,545","207,018","210,693","214,882","220,140","224,584","227,769","228,478","233,190","234,401","233,924","229,364","230,747","236,204","240,379","246,149","254,151","259,646","263,581"
Arboga,"179,202","181,785","178,008","175,857","178,369","184,414","187,273","194,270","203,830","207,959","211,249","215,275","217,219","222,477","225,900","227,037","229,332","231,083","234,859","228,539","227,110","231,919","236,995","239,065","244,782","252,602","257,335"
DALARNAS LAN,"173,673","177,348","174,697","174,962","176,637","180,960","184,500","192,424","199,937","204,325","207,467","212,774","217,244","222,177","226,190","229,613","232,199","233,681","238,904","236,441","234,997","240,859","247,087","251,100","257,836","263,776","267,288"
Vansbro,"151,414","157,103","155,492","157,210","158,830","163,297","170,795","177,460","185,149","188,410","191,063","196,350","200,285","203,578","206,929","207,941","206,444","205,865","209,085","208,365","205,595","210,862","214,748","219,788","227,815","233,332","238,651"
Malung,"164,316","167,780","168,472","168,316","171,671","175,188","177,496","185,104","189,487","192,206","195,057","201,819","206,512","210,739","215,212","220,116","220,055","219,310","223,536","225,107","222,312","226,176","232,054","236,330","243,243","251,324","256,502"
Gagnef,"168,711","173,604","168,207","167,149","169,313","175,088","178,916","188,268","196,002","201,243","205,049","210,200","212,989","218,874","222,713","228,411","230,953","232,099","235,549","235,352","235,907","245,151","251,423","255,757","262,358","268,467","272,702"
Leksand,"164,316","168,473","167,412","167,877","170,109","174,670","177,000","185,230","192,742","197,981","203,168","207,671","212,286","217,571","222,867","227,377","229,508","231,132","236,653","235,129","234,469","239,601","246,694","249,311","258,335","263,925","265,978"
Rattvik,"156,944","161,818","158,406","159,183","160,511","164,518","168,121","174,925","182,099","185,413","189,272","194,493","199,270","204,356","207,321","211,602","213,942","214,395","220,157","219,352","215,725","221,166","228,052","230,263","236,139","243,580","247,660"
Orsa,"157,936","161,956","161,982","162,219","163,806","168,187","171,362","178,289","184,833","187,794","188,129","195,957","201,619","205,277","207,685","209,760","209,955","209,323","212,853","209,090","204,949","212,190","215,790","219,546","230,760","238,937","239,100"
Alvdalen,"158,645","163,343","161,982","162,574","166,000","166,744","170,161","177,248","185,238","186,061","187,781","194,953","199,159","203,905","207,736","209,640","209,685","211,217","216,979","215,872","213,784","216,234","224,408","227,537","236,237","249,189","246,406"
Smedjebacken,"178,068","183,310","180,127","182,811","185,032","188,974","191,931","200,723","206,583","211,530","214,980","220,651","225,553","229,396","232,707","235,721","239,861","242,577","245,788","238,248","239,305","245,966","252,259","256,068","261,240","265,793","271,757"
Mora,"171,263","175,268","173,770","175,214","176,118","179,707","183,576","192,911","201,128","204,772","207,473","213,798","219,043","223,238","227,501","229,581","231,557","232,395","237,986","234,551","233,744","238,258","245,444","251,479","257,938","266,019","271,188"
Falun,"185,440","188,025","185,690","185,398","185,378","190,010","194,040","201,597","209,384","213,717","216,753","221,627","226,123","231,901","236,188","240,803","244,504","246,560","252,692","249,849","249,371","256,578","262,407","268,516","276,078","282,628","285,632"
Borlange,"182,179","184,835","180,260","178,838","180,254","184,768","187,915","195,904","204,391","209,221","213,641","218,289","222,327","228,076","232,160","234,757","238,621","240,217","243,896","239,790","238,337","243,097","249,829","253,363","262,070","266,631","270,169"
Sater,"171,688","175,406","172,445","173,991","174,791","180,764","185,730","196,334","202,465","208,530","211,288","216,052","219,354","225,719","230,457","233,530","235,752","239,413","245,994","245,617","241,787","247,292","254,361","259,734","267,793","276,013","279,445"
Hedemora,"170,696","173,881","170,326","171,150","173,448","177,423","181,644","189,837","197,459","202,982","205,948","209,798","213,546","219,955","221,331","223,974","227,994","228,968","234,414","233,217","231,373","234,554","237,774","241,093","247,226","254,029","254,844"
Avesta,"175,232","177,902","175,757","176,934","178,369","184,176","188,289","196,173","204,323","207,564","211,259","217,769","223,733","227,975","231,177","233,709","235,502","237,086","243,229","241,180","240,769","246,340","248,831","248,690","248,815","255,163","258,627"
Ludvika,"172,822","177,486","175,227","176,486","178,691","183,191","186,250","194,274","201,700","204,949","207,827","212,192","216,565","220,318","223,682","227,268","230,767","232,485","239,948","237,230","234,942","241,650","249,586","250,828","255,712","258,180","261,946"
GAVLEBORGS LAN,"172,964","177,486","174,432","174,887","177,049","182,102","185,484","193,426","201,065","205,666","208,091","212,196","216,241","220,365","224,401","227,760","230,743","232,599","236,974","234,784","233,692","237,496","243,525","245,761","252,113","258,881","263,207"
Ockelbo,"158,078","163,482","161,717","163,270","164,883","169,811","173,481","181,189","186,775","191,166","194,755","198,131","205,436","209,715","214,536","218,962","219,692","223,423","227,975","226,487","220,124","225,793","231,624","231,519","235,554","241,898","245,364"
Hofors,"182,321","187,470","183,041","186,189","188,151","195,191","197,698","205,433","210,869","214,726","215,341","219,635","223,368","228,837","232,931","236,365","238,177","241,954","243,553","241,578","239,328","243,477","249,637","254,398","259,056","265,159","268,397"
Ovanaker,"160,913","166,116","164,764","165,107","167,576","169,591","174,296","182,512","188,500","193,414","194,331","199,855","205,579","211,581","217,192","222,334","225,528","226,795","228,580","225,975","228,716","231,852","233,399","234,506","243,049","248,496","253,985"
Nordanstig,"155,242","159,738","157,214","158,346","160,772","164,642","170,325","177,731","186,013","189,905","193,194","200,739","204,171","208,237","210,523","213,490","216,039","216,566","220,003","217,529","216,304","220,519","224,976","230,172","238,357","244,626","249,036"
Ljusdal,"159,212","163,620","161,187","162,765","163,578","169,802","172,897","180,993","189,264","193,738","196,837","201,601","205,759","209,647","212,910","215,896","216,268","215,918","220,187","216,959","216,093","222,413","227,804","230,637","236,064","243,013","244,819"
Gavle,"183,313","187,193","183,836","183,342","184,507","190,893","195,136","202,741","209,840","213,844","217,050","220,414","224,255","227,984","232,967","237,059","240,708","243,261","249,601","248,011","245,561","248,345","254,792","258,323","266,583","275,250","279,363"
Sandviken,"175,941","180,676","177,611","179,905","182,412","187,151","190,902","200,748","209,491","213,875","215,802","220,378","226,207","231,774","236,716","239,469","241,719","243,340","245,757","242,671","241,376","244,480","249,957","251,647","255,174","259,064","260,764"
Soderhamn,"170,696","175,684","172,578","173,767","176,291","181,881","183,630","191,942","201,106","205,565","208,084","208,596","211,120","213,753","215,338","216,945","217,859","218,739","225,079","222,673","221,919","225,925","231,973","234,618","238,889","246,395","250,978"
Bollno,"166,726","171,940","168,472","169,105","171,530","175,261","178,634","186,487","192,306","196,351","198,850","203,898","208,877","212,781","215,730","218,574","221,312","224,151","227,792","224,290","224,086","228,232","233,399","234,730","239,601","246,072","250,920"
Hudiksvall,"170,837","175,406","172,048","171,836","173,977","178,478","182,267","189,827","198,358","202,417","205,166","209,721","212,851","217,064","220,936","223,849","228,034","229,534","234,783","233,894","233,091","237,738","245,019","247,631","254,635","258,927","265,481"
VASTERNORRLANDS LAN,"179,060","182,478","179,465","180,216","182,146","187,605","191,388","198,040","205,642","210,533","214,268","219,090","222,932","227,752","232,442","235,625","238,416","240,078","245,906","243,545","241,129","246,209","252,743","256,612","263,899","270,298","273,792"
Ange,"164,032","170,415","167,148","168,752","170,852","176,979","180,355","188,002","193,013","197,131","199,541","204,558","207,614","212,528","217,124","218,604","219,278","221,524","227,030","224,647","224,683","230,284","233,055","238,244","243,839","250,446","251,444"
Timra,"181,329","184,697","182,379","183,267","186,278","191,201","195,561","201,103","211,166","216,434","220,199","225,522","228,253","232,085","236,372","238,166","240,996","242,030","247,967","245,779","243,302","247,623","254,053","257,629","265,825","272,825","278,246"
Harnosand,"182,038","185,251","181,849","182,317","183,872","188,525","191,254","198,327","205,815","208,536","213,744","217,298","220,734","224,699","228,579","229,887","232,562","233,820","240,767","236,237","233,646","236,620","241,066","242,229","245,291","252,859","255,429"
Sundsvall,"187,850","190,659","187,015","187,276","188,991","194,885","198,821","205,307","213,199","218,788","222,889","228,495","232,432","237,553","241,694","245,790","248,805","250,614","256,307","254,863","253,557","258,677","266,219","271,052","279,391","286,012","290,183"
Kramfors,"163,182","168,196","166,088","167,439","170,337","176,071","180,046","187,671","193,262","198,011","199,643","203,953","208,661","211,970","217,076","219,739","220,689","220,921","225,159","222,554","218,664","223,834","229,327","231,786","238,279","241,731","246,770"
Solleftea,"164,458","170,553","168,207","169,172","170,632","175,451","179,716","186,137","191,858","196,336","198,254","202,383","206,391","210,941","214,413","216,744","217,576","217,987","223,362","218,980","215,905","221,253","227,019","228,987","233,877","240,654","244,398"
Ornskoldsvik,"178,210","181,508","178,273","178,812","180,977","187,049","191,179","197,579","204,831","209,916","213,838","218,705","223,260","228,942","234,111","238,364","241,533","243,806","250,731","247,721","245,428","250,983","257,121","260,737","269,207","275,601","276,331"
JAMTLANDS LAN,"167,718","172,356","169,664","170,363","171,931","176,440","180,632","188,286","194,512","199,349","202,600","207,619","211,470","216,409","219,946","223,650","226,865","227,328","232,043","229,489","227,876","233,142","239,532","243,367","250,263","257,308","261,179"
Ragunda,"156,518","162,234","159,863","162,225","165,251","169,440","173,515","178,658","187,022","189,900","194,135","196,100","201,953","207,515","210,086","211,310","214,223","215,013","214,594","210,810","207,244","211,240","219,318","225,582","228,835","235,064","237,447"
Bracke,"159,779","164,175","159,863","161,314","162,706","167,024","171,582","178,577","184,193","187,993","194,436","199,930","204,596","207,174","212,340","214,335","214,555","214,817","220,907","216,065","211,960","216,665","221,610","224,664","229,022","235,466","238,512"
Krokom,"163,890","168,196","168,075","168,458","170,641","174,933","180,359","188,764","194,908","199,745","202,598","210,966","212,776","219,572","222,690","227,621","231,394","232,318","239,089","238,612","238,407","246,042","253,554","260,541","265,075","273,875","278,708"
Stromsund,"156,376","162,511","160,128","161,400","163,320","166,345","170,492","178,715","183,810","186,322","188,125","192,728","196,313","202,074","205,577","209,706","209,699","209,145","212,805","211,045","208,228","214,438","220,716","222,137","227,439","231,135","234,147"
Are,"156,802","161,402","159,731","162,949","166,279","168,396","172,287","180,774","184,654","188,951","191,019","196,723","202,000","207,579","214,100","219,241","222,432","220,923","225,533","227,348","225,594","230,098","235,714","237,206","244,290","253,624","261,021"
Berg,"145,460","150,725","150,592","152,565","154,685","158,462","165,554","173,857","180,199","183,087","185,816","190,900","194,257","198,995","203,136","206,037","210,767","209,224","213,178","207,275","204,888","212,174","218,770","224,442","229,175","235,977","236,376"
Harjedalen,"155,526","161,540","159,995","162,680","164,007","169,710","173,461","180,363","187,650","190,395","191,786","196,273","200,634","203,229","206,550","207,555","210,763","211,255","216,640","213,223","213,501","219,011","223,394","227,058","235,655","244,611","247,714"
Ostersund,"182,321","185,529","181,849","181,850","181,749","187,263","191,734","199,603","206,866","212,573","215,595","220,252","223,057","227,795","231,031","235,178","239,462","240,642","245,497","242,702","241,273","245,779","252,259","255,555","262,924","269,716","274,158"
VASTERBOTTENS LAN,"177,217","181,369","177,876","178,151","178,777","183,638","187,196","195,536","203,014","207,292","209,767","213,287","216,872","221,428","225,647","229,895","234,255","236,540","241,332","239,945","238,920","244,915","251,038","255,079","263,241","270,294","272,813"
Nordmaling,"161,339","165,423","161,320","162,105","163,896","169,592","173,969","183,772","191,662","194,924","198,461","204,373","206,807","208,932","214,540","217,797","222,232","223,548","226,860","227,793","223,727","226,986","232,258","236,192","244,997","251,972","256,438"
Bjurholm,"150,138","153,914","151,254","152,451","152,998","157,752","162,049","168,344","178,105","179,062","183,093","187,212","192,313","195,230","199,674","199,828","198,113","197,308","205,686","202,257","201,569","205,758","215,087","214,490","224,697","230,045","234,959"
Vindeln,"155,101","159,044","156,949","156,981","159,338","164,493","168,528","174,635","181,485","187,615","188,666","192,435","198,376","204,249","208,485","211,287","214,515","218,516","219,719","216,477","219,060","226,519","235,042","234,332","240,492","249,545","251,659"
Robertsfors,"159,921","161,402","161,982","164,003","165,959","171,206","176,140","185,169","191,290","199,429","201,879","205,283","210,211","213,909","220,280","221,980","227,197","228,460","233,079","230,343","228,912","236,250","243,831","247,649","252,259","256,003","259,496"
Norsjo,"166,159","171,524","169,532","170,125","171,251","176,446","179,871","187,399","192,506","196,653","198,084","203,184","210,802","213,920","217,865","221,087","223,350","223,371","226,990","224,814","223,290","233,202","238,873","242,419","245,640","254,747","252,551"
Mala,"172,822","177,486","175,094","177,260","177,906","184,417","189,251","197,297","202,444","208,199","211,457","214,803","221,266","224,658","229,749","235,723","237,932","235,557","240,161","237,919","234,588","243,228","248,848","254,563","256,034","265,104","266,691"
Storuman,"162,615","166,671","164,764","163,796","166,286","170,270","174,658","181,769","186,484","190,229","192,194","196,023","198,858","202,557","205,535","210,244","214,141","213,760","220,061","220,640","218,183","219,789","225,854","228,368","234,485","242,825","247,008"
Sorsele,"154,108","160,847","160,525","161,400","164,199","168,287","169,153","177,124","184,445","186,322","188,289","189,681","197,602","198,871","202,598","207,642","208,774","210,031","213,915","208,693","207,105","212,396","223,529","228,386","238,447","249,643","248,092"
Dorotea,"159,212","164,314","158,803","162,082","163,021","167,165","170,382","179,019","182,338","186,727","187,585","192,558","199,250","205,207","207,224","211,083","215,063","214,711","217,454","214,991","211,303","218,461","221,619","225,369","230,797","239,976","238,105"
Vannas,"170,412","174,574","172,843","174,416","175,168","181,690","185,455","193,668","201,428","204,223","207,175","211,296","214,383","219,556","224,478","227,893","232,365","235,561","242,401","242,172","240,007","243,159","251,764","255,821","263,734","268,791","269,412"
Vilhelmina,"164,741","170,553","166,883","165,600","167,064","170,942","173,327","183,450","187,840","191,146","191,074","196,047","199,607","202,237","205,231","209,939","210,231","210,047","215,044","212,084","207,243","214,795","219,637","223,643","230,267","239,135","242,669"
Asele,"157,227","162,927","159,333","161,675","161,803","165,868","171,255","177,480","183,127","186,223","187,316","188,831","195,017","195,998","198,353","198,506","201,326","202,316","206,097","205,620","201,440","205,013","213,548","217,797","221,956","226,474","225,571"
Umea,"188,276","191,630","187,147","186,730","185,681","191,331","194,518","203,285","211,523","215,097","218,853","221,773","224,775","229,223","233,578","238,076","242,946","245,199","250,331","248,043","247,344","253,399","259,790","264,559","272,724","279,400","281,862"
Lycksele,"175,374","180,676","176,816","177,908","177,957","183,155","185,963","192,679","201,503","205,617","207,598","210,365","214,698","218,656","222,132","226,030","229,645","231,951","235,936","236,198","234,806","242,204","244,997","248,551","255,209","261,173","260,518"
Skelleftea,"179,344","183,587","180,657","180,843","181,623","186,508","191,152","199,412","206,546","211,295","212,642","216,205","218,991","224,312","228,974","233,004","238,080","240,583","245,863","245,178","244,489","250,395","255,902","259,817","268,630","275,979","279,678"
NORRBOTTENS LAN,"183,881","188,579","185,823","185,691","186,020","191,001","194,773","201,764","208,167","211,677","213,624","217,510","220,641","225,673","229,675","233,688","237,509","240,011","245,964","245,164","243,984","251,290","258,638","264,236","271,772","278,768","280,233"
Arvidsjaur,"168,285","173,604","171,386","171,334","174,091","178,680","182,426","189,041","194,594","200,844","200,509","206,440","211,080","216,725","219,248","224,110","224,197","227,830","235,021","235,629","232,886","238,708","244,146","249,566","255,999","265,000","263,612"
Arjeplog,"163,323","169,444","167,280","169,388","171,545","178,615","182,739","187,610","194,176","199,258","200,095","201,201","203,120","206,543","208,112","211,894","213,709","215,354","225,530","225,206","221,414","230,185","235,723","240,626","249,113","260,714","262,140"
Jokkmokk,"169,278","174,158","173,108","174,812","177,062","181,417","184,222","190,634","195,265","198,443","199,167","202,405","207,012","213,840","216,096","217,625","219,262","219,949","227,893","224,520","222,121","226,227","235,844","240,953","245,362","251,711","254,633"
Overkalix,"163,890","170,137","167,677","168,727","168,233","171,553","176,621","184,073","188,892","190,923","190,762","194,630","200,053","204,314","205,127","209,787","212,779","212,460","217,154","212,090","210,440","218,372","224,239","228,301","237,656","242,482","242,190"
Kalix,"178,493","183,171","181,452","181,609","181,813","185,601","189,309","196,493","201,006","206,454","208,980","210,856","215,671","218,601","220,624","225,911","229,032","230,421","235,779","233,604","230,988","236,837","244,187","248,175","255,115","261,372","265,000"
Overtornea,"159,354","165,007","163,439","161,084","163,813","166,990","171,456","179,452","184,580","185,606","183,113","189,600","196,699","201,483","205,443","207,984","208,874","211,771","211,800","211,949","210,700","216,858","220,665","220,994","227,811","233,693","234,866"
Pajala,"155,951","164,175","161,187","162,048","162,901","166,312","168,449","178,572","183,599","184,432","182,716","188,123","194,545","196,893","200,597","204,159","204,341","204,697","210,903","210,599","210,570","220,888","233,425","239,482","232,277","240,185","237,114"
Gallivare,"191,111","196,344","194,829","195,506","196,820","201,495","205,269","213,172","218,944","222,489","224,667","227,367","230,536","237,464","242,740","247,346","251,631","256,960","262,439","265,810","266,588","274,521","283,909","291,336","300,692","308,640","311,998"
Alvsbyn,"169,987","175,129","173,240","173,181","175,676","178,529","181,984","189,216","195,499","199,934","202,615","205,672","210,138","214,329","216,142","219,469","220,608","221,959","228,786","224,287","222,092","228,544","235,626","239,160","246,884","255,723","254,011"
Lulea,"193,947","196,622","193,240","192,526","192,161","198,693","202,906","209,645","216,191","219,097","221,161","225,599","227,461","232,951","236,644","240,658","244,510","247,083","252,653","252,922","251,916","258,725","267,265","272,545","281,397","288,026","289,954"
Pitea,"184,164","188,857","185,955","185,108","186,000","191,001","195,019","202,269","209,969","214,818","216,941","220,972","223,763","228,001","232,466","237,129","241,003","243,831","250,715","250,136","247,519","254,331","260,833","265,801","274,963","281,822","285,183"
Boden,"184,873","190,243","187,544","187,464","187,225","193,391","197,079","203,303","210,270","213,375","215,887","218,548","222,229","227,289","230,776","232,354","235,698","238,982","245,694","241,286","239,826","245,970","251,704","258,501","266,005","273,716","275,391"
Haparanda,"165,025","169,721","166,883","164,284","164,701","168,457","170,852","178,636","184,695","184,519","184,366","190,267","194,211","199,011","202,318","204,482","209,476","204,851","210,230","206,943","202,360","210,011","213,930","215,385","219,571","226,474","227,112"
Kiruna,"198,342","203,416","201,186","202,028","202,719","208,851","213,475","220,653","224,281","227,862","228,896","235,154","237,233","243,553","250,615","257,904","264,131","267,778","272,288","277,974","281,927","294,061","301,790","307,753","313,573","317,294","316,894"
